"fips","tot_indiv_poverty_2018","pct_povall_2018"
"01001",7587,13.8
"01003",21069,9.8
"01005",6788,30.9
"01007",4400,21.8
"01009",7527,13.2
"01011",3610,42.5
"01013",4731,24.5
"01015",21719,19.5
"01017",6181,18.7
"01019",4180,16.3
"01021",7542,17.3
"01023",2806,22.1
"01025",5381,22.8
"01027",2285,17.6
"01029",2356,16
"01031",7053,13.8
"01033",7459,13.8
"01035",2979,24.4
"01037",1973,18.9
"01039",7239,19.9
"01041",2661,19.5
"01043",11925,14.5
"01045",7743,16.2
"01047",11841,31.4
"01049",14975,21.3
"01051",8559,11.2
"01053",8022,23.6
"01055",17509,17.5
"01057",3801,23.5
"01059",5939,19.2
"01061",5537,21.3
"01063",2459,30.1
"01065",3705,25.6
"01067",3037,17.9
"01069",17032,16.5
"01071",10046,19.7
"01073",103604,16.1
"01075",2374,17.4
"01077",12645,14
"01079",6297,19.3
"01081",30075,19
"01083",10633,11.4
"01085",2474,25.1
"01087",5031,30.2
"01089",42667,11.9
"01091",4499,24
"01093",5844,20.2
"01095",17341,18.3
"01097",84539,20.8
"01099",4560,21.9
"01101",43567,20.1
"01103",15419,13.2
"01105",2943,35.3
"01107",4177,23.1
"01109",7315,23.6
"01111",4375,19.7
"01113",12384,21.7
"01115",10432,12
"01117",16916,8
"01119",4076,34.7
"01121",14825,19.3
"01123",7839,19.7
"01125",33330,16.8
"01127",11231,17.9
"01129",2846,17.6
"01131",3504,33.4
"01133",4338,18.6
"02013",544,15.5
"02016",550,10
"02020",27075,9.5
"02050",5869,32.7
"02060",96,11.2
"02068",135,6.9
"02070",1091,22
"02090",8104,8.6
"02100",259,10.5
"02105",370,17.2
"02110",2299,7.3
"02122",7103,12.4
"02130",1244,9.1
"02150",1073,8.2
"02158",2905,35.1
"02164",288,18.2
"02170",10937,10.4
"02180",2168,22
"02185",1094,11.1
"02188",1604,21.1
"02195",232,7.2
"02198",1057,16.5
"02220",656,7.7
"02230",49,4.3
"02240",918,13.4
"02261",880,9.7
"02275",287,11.6
"02282",79,13.1
"02290",1259,23.7
"04001",26435,37.3
"04003",18273,15.1
"04005",20964,15.9
"04007",10804,20.4
"04009",7118,20.2
"04011",985,10.5
"04012",4921,23.7
"04013",535183,12.3
"04015",34411,16.8
"04017",30876,28.5
"04019",164927,16.2
"04021",54399,12.9
"04023",11287,24.4
"04025",30060,13.2
"04027",39648,19.5
"05001",3120,17.9
"05003",3876,19.6
"05005",6216,15.1
"05007",23290,8.6
"05009",5472,14.8
"05011",2329,21.7
"05013",800,15.7
"05015",4499,16.1
"05017",3039,31.4
"05019",3838,19.9
"05021",3035,20.7
"05023",3573,14.6
"05025",1232,15.5
"05027",4799,22.4
"05029",3693,17.9
"05031",18768,17.9
"05033",10027,16
"05035",9056,19.2
"05037",2940,18
"05039",1442,21.3
"05041",2780,24.3
"05043",3391,19.5
"05045",18571,15.4
"05047",3202,18.3
"05049",2481,20.6
"05051",19844,20.4
"05053",2353,13.1
"05055",7361,16.5
"05057",4424,20.6
"05059",5844,18.7
"05061",2271,17.3
"05063",5302,14.5
"05065",2358,18.7
"05067",3732,25.6
"05069",13900,22.2
"05071",5761,22.2
"05073",1498,22.8
"05075",2776,17.7
"05077",3098,43
"05079",2647,27.5
"05081",1942,16
"05083",3950,18.6
"05085",8651,11.9
"05087",3002,18.4
"05089",3082,18.7
"05091",9228,21.9
"05093",10325,25.7
"05095",1769,26
"05097",1649,18.8
"05099",1738,21.3
"05101",1340,17.4
"05103",5410,23.3
"05105",1502,14.7
"05107",6301,35.4
"05109",1856,17.8
"05111",5592,23.7
"05113",3962,20
"05115",9647,16
"05117",1254,15.8
"05119",64312,16.7
"05121",3050,17.4
"05123",7586,35.6
"05125",11695,9.7
"05127",2054,20.2
"05129",1912,24.3
"05131",19527,15.6
"05133",3402,20.1
"05135",3541,20.7
"05137",2497,20.3
"05139",7000,18.2
"05141",2685,16.4
"05143",34741,15.2
"05145",12505,16.6
"05147",1509,23.7
"05149",3453,16.3
"06001",147394,9
"06003",190,17.3
"06005",4130,11.8
"06007",42016,18.5
"06009",5454,12.1
"06011",2350,11
"06013",88980,7.8
"06015",5065,20.4
"06017",15401,8.1
"06019",208627,21.3
"06021",4271,15.4
"06023",27002,20.3
"06025",37014,21.4
"06027",2172,12.3
"06029",177021,20.5
"06031",25481,18.8
"06033",11689,18.4
"06035",3653,15.8
"06037",1409155,14.2
"06039",30201,20.2
"06041",16742,6.6
"06043",2569,14.9
"06045",15140,17.5
"06047",56863,21.2
"06049",1631,19.1
"06051",1312,9.3
"06053",55614,13.3
"06055",11829,8.8
"06057",10171,10.3
"06059",330559,10.5
"06061",27596,7.1
"06063",2317,12.5
"06065",307511,12.7
"06067",217138,14.3
"06069",5294,8.6
"06071",317514,14.9
"06073",372148,11.5
"06075",87596,10.1
"06077",105351,14.3
"06079",34200,12.7
"06081",51830,6.8
"06083",54029,12.6
"06085",139074,7.3
"06087",32027,12.2
"06089",26919,15.2
"06091",392,13.3
"06093",7396,17.1
"06095",34281,7.9
"06097",48846,9.9
"06099",84744,15.6
"06101",13011,13.5
"06103",10749,17
"06105",2656,21.6
"06107",102451,22.2
"06109",6417,12.5
"06111",76206,9.1
"06113",42311,20.1
"06115",13256,17.2
"08001",46711,9.2
"08003",2954,19.1
"08005",52474,8.1
"08007",1525,11.2
"08009",678,19.4
"08011",1353,33.9
"08013",30699,9.7
"08014",3364,4.9
"08015",2023,10.9
"08017",230,12.6
"08019",686,7.2
"08021",1747,21.4
"08023",964,25.2
"08025",1341,44.3
"08027",576,12
"08029",4429,14.6
"08031",82104,11.7
"08033",265,12.8
"08035",8975,2.6
"08037",3673,6.7
"08039",1312,5
"08041",68538,9.9
"08043",6525,16.5
"08045",4946,8.4
"08047",410,6.7
"08049",1219,7.9
"08051",1678,10.4
"08053",69,8.6
"08055",1459,21.7
"08057",188,13.4
"08059",39799,7
"08061",188,13.8
"08063",900,12.6
"08065",970,12.6
"08067",5005,9.2
"08069",36054,10.5
"08071",2626,19.2
"08073",744,16.2
"08075",2674,14.5
"08077",21463,14.4
"08079",72,9.3
"08081",1614,12.3
"08083",4235,16.3
"08085",4854,11.6
"08087",3409,12.2
"08089",3722,20.8
"08091",361,7.5
"08093",1487,8.1
"08095",458,10.8
"08097",1222,6.8
"08099",2553,21.6
"08101",28127,17.2
"08103",653,10.8
"08105",1604,14.5
"08107",1783,7
"08109",1679,24.6
"08111",109,14.4
"08113",702,8.6
"08115",338,14.9
"08117",2056,6.7
"08119",1851,7.4
"08121",646,13.7
"08123",32314,10.5
"08125",1191,12.1
"09001",92971,10
"09003",96957,11.2
"09005",12441,6.9
"09007",10556,6.7
"09009",96563,11.6
"09011",25063,9.8
"09013",10835,8
"09015",13135,11.7
"10001",23966,13.8
"10003",62976,11.6
"10005",27750,12.3
"11001",107806,16.1
"12001",50922,19.8
"12003",3944,15.4
"12005",24276,13.4
"12007",4618,19.5
"12009",64854,11
"12011",244310,12.6
"12013",2697,21.3
"12015",20243,11.1
"12017",22082,15.2
"12019",18846,8.8
"12021",39689,10.6
"12023",11340,17.3
"12027",9013,26.1
"12029",3679,24.7
"12031",134476,14.5
"12033",43832,14.7
"12035",11450,10.3
"12037",2343,22.8
"12039",10259,23.6
"12041",2856,16.8
"12043",2457,20.1
"12045",2667,20.3
"12047",3209,27.6
"12049",6956,27
"12051",9850,24
"12053",26646,14.1
"12055",21577,20.8
"12057",207358,14.7
"12059",4232,23.9
"12061",16775,10.7
"12063",9492,23.5
"12065",2317,17.9
"12067",1521,21
"12069",40582,11.5
"12071",90400,12.1
"12073",57656,20.7
"12075",6521,16.1
"12077",1523,23.8
"12079",3752,22.8
"12081",40662,10.4
"12083",52818,15.1
"12085",16824,10.7
"12086",436103,16
"12087",8859,12
"12089",8882,10.4
"12091",25612,12.7
"12093",8283,21.5
"12095",211307,15.6
"12097",48711,13.4
"12099",179359,12.2
"12101",67164,12.6
"12103",112593,11.7
"12105",109018,15.7
"12107",13697,18.8
"12109",16642,6.6
"12111",38398,12.1
"12113",16404,9.5
"12115",43389,10.3
"12117",46050,9.9
"12119",11183,9.3
"12121",7999,19.3
"12123",4130,21.6
"12125",2118,20.6
"12127",70499,13.2
"12129",3543,11.9
"12131",7868,11.4
"12133",5104,22.8
"13001",3954,21.9
"13003",2156,26.1
"13005",2473,22.8
"13007",704,22.9
"13009",9313,23.8
"13011",2469,13
"13013",7651,9.5
"13015",12768,12.2
"13017",4305,26.2
"13019",4144,21.8
"13021",36326,24.7
"13023",2156,18.7
"13025",3419,18.3
"13027",3768,24.5
"13029",3264,8.6
"13031",16439,22.9
"13033",4853,22
"13035",4228,19.7
"13037",1723,37.2
"13039",8134,15.8
"13043",2587,24.6
"13045",19187,16.8
"13047",7911,11.9
"13049",2753,25.6
"13051",39488,14.4
"13053",1408,17.3
"13055",4575,19.5
"13057",18576,7.4
"13059",31645,27
"13061",841,29.8
"13063",50072,17.6
"13065",1695,25.8
"13067",67585,9.1
"13069",9505,23.9
"13071",10700,23.9
"13073",10858,7.1
"13075",4156,24.5
"13077",14844,10.2
"13079",2251,18.5
"13081",6063,27.4
"13083",2067,13.6
"13085",2168,8.7
"13087",5923,23.2
"13089",106598,14.3
"13091",4988,26.5
"13093",3420,29.1
"13095",25104,29.5
"13097",18113,12.6
"13099",2669,26.5
"13101",970,24.4
"13103",5080,8.3
"13105",3476,18.5
"13107",5346,25.1
"13109",2742,26.6
"13111",4318,16.8
"13113",5689,5
"13115",19427,20.7
"13117",11808,5
"13119",3634,16.4
"13121",137929,13.5
"13123",5309,17.4
"13125",509,17.5
"13127",13913,16.6
"13129",9526,16.8
"13131",4889,20
"13133",3365,19.3
"13135",84763,9.2
"13137",6363,14.9
"13139",26249,13.2
"13141",2187,30.7
"13143",4626,15.9
"13145",2958,8.7
"13147",3796,15
"13149",2004,17.1
"13151",17086,7.5
"13153",18519,12.1
"13155",2040,24.3
"13157",6059,8.7
"13159",2138,15.4
"13161",3063,20.6
"13163",3328,22.3
"13165",2374,31.8
"13167",2415,30
"13169",4098,14.5
"13171",3064,17.3
"13173",2043,20.3
"13175",11375,24.6
"13177",3579,12.4
"13179",9562,16.1
"13181",1346,17.2
"13183",3134,16.8
"13185",28539,25.9
"13187",4494,14.9
"13189",4223,19.9
"13191",3055,21.5
"13193",3417,30.5
"13195",4722,16.1
"13197",1884,22.8
"13199",5071,24.4
"13201",1246,22.4
"13205",5849,29.3
"13207",3411,13
"13209",1847,22.1
"13211",2374,12.7
"13213",5987,15.2
"13215",37759,20.1
"13217",15946,14.8
"13219",2215,5.7
"13221",2049,13.8
"13223",12654,7.8
"13225",6240,24
"13227",3462,11
"13229",3490,18.1
"13231",1947,10.6
"13233",9079,21.8
"13235",2361,23.9
"13237",3488,16.1
"13239",580,25.5
"13241",2346,14.2
"13243",2008,30.8
"13245",41554,21.9
"13247",11803,13.2
"13249",945,18.1
"13251",3493,25.9
"13253",2083,25.4
"13255",11184,17.3
"13257",4092,16.3
"13259",1757,37.9
"13261",7208,25.7
"13263",1550,24.8
"13265",395,24.6
"13267",5298,25.6
"13269",1813,22.9
"13271",4042,31.9
"13273",2311,27.8
"13275",8846,20.2
"13277",7636,19.6
"13279",6615,24.9
"13281",1704,16
"13283",1684,26.3
"13285",13643,20.2
"13287",2109,27.9
"13289",1719,21.3
"13291",3268,13.8
"13293",5566,21.6
"13295",10542,15.5
"13297",10993,11.9
"13299",7827,23.6
"13301",1330,25.7
"13303",4787,25.9
"13305",5147,18.6
"13307",592,22.7
"13309",2116,39.6
"13311",4118,14.1
"13313",14567,14.2
"13315",2101,30.8
"13317",1965,20.3
"13319",2062,23.3
"13321",4128,20.5
"15001",30903,15.6
"15003",73345,7.7
"15007",6021,8.5
"15009",14130,8.6
"16001",44434,9.7
"16003",554,13.2
"16005",11768,13.8
"16007",642,10.7
"16009",1342,14.7
"16011",5510,12
"16013",1575,7
"16015",974,12.8
"16017",6240,14.1
"16019",12262,10.6
"16021",1603,13.5
"16023",392,15.1
"16025",109,9.7
"16027",25416,11.5
"16029",624,8.9
"16031",3046,13
"16033",132,15.5
"16035",1242,15.5
"16037",625,14.7
"16039",3435,12.9
"16041",1194,8.8
"16043",1940,15.3
"16045",2338,13.4
"16047",2071,13.7
"16049",2587,16.2
"16051",2657,9.1
"16053",2974,12.5
"16055",16417,10.3
"16057",4737,12.7
"16059",1154,14.7
"16061",542,14.2
"16063",731,13.8
"16065",9232,23.9
"16067",2577,12.4
"16069",5223,13.3
"16071",502,11.3
"16073",1692,14.7
"16075",2988,12.8
"16077",1056,13.7
"16079",2371,18.8
"16081",888,7.6
"16083",11547,13.6
"16085",921,8.4
"16087",1537,15.3
"17001",7803,12.3
"17003",1650,27.6
"17005",2075,13.8
"17007",4909,9.2
"17009",674,14.8
"17011",3751,11.6
"17013",520,11
"17015",1598,11.4
"17017",1448,12
"17019",37121,19.2
"17021",3882,12.5
"17023",1702,11.1
"17025",1865,14.3
"17027",2924,8.2
"17029",9554,20
"17031",701869,13.8
"17033",2052,11.8
"17035",1248,11.7
"17037",12877,13.1
"17039",1707,11
"17041",1764,9.2
"17043",60169,6.6
"17045",2297,13.5
"17047",701,11.1
"17049",3277,9.7
"17051",2924,14.9
"17053",1248,9.7
"17055",7358,19.4
"17057",4559,14.2
"17059",1029,20.5
"17061",1772,13.9
"17063",2991,5.9
"17065",990,12.3
"17067",1955,11.1
"17069",778,20
"17071",748,11.3
"17073",5558,11.5
"17075",2669,9.9
"17077",13868,25.7
"17079",972,10.2
"17081",5811,16.3
"17083",1864,8.9
"17085",1656,7.8
"17087",1364,12.2
"17089",45180,8.6
"17091",16873,16.2
"17093",5332,4.2
"17095",7558,16.4
"17097",54353,8
"17099",14384,13.6
"17101",2326,17.5
"17103",3148,10.1
"17105",4220,12.6
"17107",2706,10.9
"17109",5821,21.9
"17111",18136,5.9
"17113",23366,14.4
"17115",17557,17.4
"17117",5740,12.9
"17119",35925,13.8
"17121",7154,19.5
"17123",1066,9.5
"17125",1948,14.6
"17127",2377,17.2
"17129",1092,9
"17131",1387,9
"17133",1446,4.3
"17135",3754,14.4
"17137",4694,15.2
"17139",1373,9.6
"17141",4223,8.4
"17143",29227,16.6
"17145",3327,17.8
"17147",1192,7.3
"17149",2129,14.1
"17151",763,18.6
"17153",1074,19.7
"17155",484,8.5
"17157",3834,13.8
"17159",2311,15
"17161",19754,14.2
"17163",38065,14.8
"17165",4692,20.3
"17167",25172,13.1
"17169",778,11.4
"17171",499,10.3
"17173",2191,10.2
"17175",594,11.2
"17177",5555,12.7
"17179",12465,9.6
"17181",2902,17.4
"17183",14256,19.3
"17185",1645,14.4
"17187",2069,12.9
"17189",1016,7.4
"17191",2234,13.8
"17193",1637,12.3
"17195",5732,10.5
"17197",44038,6.4
"17199",9356,14.4
"17201",45006,16.1
"17203",2662,7.1
"18001",4056,11.6
"18003",49641,13.5
"18005",8238,10.1
"18007",985,11.5
"18009",1651,14.1
"18011",3585,5.4
"18013",1519,10.1
"18015",1756,8.8
"18017",5004,13.5
"18019",12975,11.2
"18021",3545,13.8
"18023",3732,11.9
"18025",1654,15.8
"18027",3752,11.5
"18029",4577,9.4
"18031",3077,11.7
"18033",4309,10.1
"18035",23799,22.5
"18037",3155,7.6
"18039",23202,11.5
"18041",3280,14.5
"18043",7231,9.5
"18045",1799,11.2
"18047",1939,8.6
"18049",2684,13.6
"18051",3460,10.6
"18053",12140,19.9
"18055",4423,14
"18057",13797,4.2
"18059",4236,5.6
"18061",3690,9.3
"18063",9657,5.9
"18065",6434,14.4
"18067",9942,12.3
"18069",3532,10.1
"18071",5183,12
"18073",3037,9.4
"18075",2653,13
"18077",4663,15.5
"18079",4026,14.8
"18081",11784,7.7
"18083",5447,15.7
"18085",6949,9
"18087",3018,7.8
"18089",74864,15.7
"18091",16212,15.7
"18093",5629,12.5
"18095",20908,17
"18097",160661,17.2
"18099",5212,11.5
"18101",1186,11.8
"18103",5172,16.1
"18105",28177,21.4
"18107",4006,10.8
"18109",7339,10.6
"18111",1418,10.3
"18113",4224,9.1
"18115",560,9.7
"18117",2979,15.6
"18119",2597,12.6
"18121",2406,15.7
"18123",2167,12.4
"18125",1345,11.1
"18127",14826,8.9
"18129",2311,9.2
"18131",1494,12.2
"18133",3978,12.2
"18135",3322,13.6
"18137",3117,11.1
"18139",1760,10.7
"18141",35068,13.5
"18143",3642,15.5
"18145",5065,11.6
"18147",1839,9.2
"18149",2512,11
"18151",3638,11
"18153",2513,13.7
"18155",1873,17.7
"18157",32114,18.1
"18159",1250,8.4
"18161",742,10.7
"18163",26349,15.1
"18165",2306,15.2
"18167",18824,19.2
"18169",3631,12.4
"18171",796,9.8
"18173",4373,7.1
"18175",3703,13.4
"18177",10094,16
"18179",2344,8.5
"18181",2025,8.5
"18183",2377,7.1
"19001",667,9.7
"19003",460,12.7
"19005",1581,11.7
"19007",1864,15.2
"19009",589,11
"19011",2000,7.9
"19013",20811,16.3
"19015",2274,8.8
"19017",1547,6.6
"19019",2224,10.6
"19021",1932,10.2
"19023",1290,9
"19025",1023,11.3
"19027",1576,8
"19029",1594,12.6
"19031",1391,7.6
"19033",4316,10.4
"19035",1032,9.4
"19037",1019,8.6
"19039",1036,11.2
"19041",1531,9.7
"19043",1627,9.4
"19045",5727,12.5
"19047",2072,12.3
"19049",4687,5.2
"19051",1130,12.7
"19053",1458,20.3
"19055",1521,9
"19057",4887,12.7
"19059",1330,7.8
"19061",10555,11.3
"19063",993,11.2
"19065",2203,11.7
"19067",1762,11.4
"19069",984,9.9
"19071",686,10
"19073",1073,12.1
"19075",819,6.8
"19077",1198,11.4
"19079",1230,8.4
"19081",902,8.5
"19083",1594,9.9
"19085",1347,9.7
"19087",2020,11
"19089",921,10.2
"19091",911,9.7
"19093",693,10.3
"19095",1177,7.4
"19097",2123,11.1
"19099",3633,10.2
"19101",2740,16.3
"19103",22536,15.8
"19105",2223,11.4
"19107",1258,12.5
"19109",1477,10.1
"19111",4758,14.6
"19113",20652,9.4
"19115",1183,10.7
"19117",1290,15.1
"19119",806,6.9
"19121",1127,7
"19123",2639,12.4
"19125",2938,9.2
"19127",4340,11.3
"19129",1257,8.6
"19131",955,9.2
"19133",1171,13.9
"19135",885,11.6
"19137",1360,13.9
"19139",4973,11.8
"19141",1231,9.1
"19143",559,9.4
"19145",1858,13.5
"19147",834,9.7
"19149",1999,8.1
"19151",731,11.1
"19153",47499,9.9
"19155",10760,11.8
"19157",1795,10.6
"19159",684,14.3
"19161",1063,11.2
"19163",21030,12.4
"19165",893,7.9
"19167",2069,6.3
"19169",16410,18.9
"19171",1896,11.4
"19173",782,12.8
"19175",1601,13.4
"19177",917,13.1
"19179",5032,14.7
"19181",3502,7.1
"19183",1905,8.8
"19185",817,13
"19187",4586,13.7
"19189",912,9.1
"19191",1755,9.8
"19193",13835,13.8
"19195",717,9.8
"19197",1321,10.6
"20001",2269,18.9
"20003",1015,13.1
"20005",2326,15.5
"20007",564,12.8
"20009",3673,14.5
"20011",2261,16
"20013",1264,13.3
"20015",6184,9.6
"20017",254,10.3
"20019",553,17.2
"20021",3246,16.5
"20023",322,12.4
"20025",254,13.1
"20027",839,10.7
"20029",1320,16
"20031",868,10.7
"20033",186,11.2
"20035",5109,15.4
"20037",6547,17.7
"20039",378,13.6
"20041",2006,10.9
"20043",955,13.3
"20045",19181,17
"20047",317,11.3
"20049",434,17.7
"20051",3303,12
"20053",622,11.9
"20055",4740,13.2
"20057",3818,11.6
"20059",2337,9.3
"20061",3263,10.3
"20063",291,11.4
"20065",307,12.5
"20067",788,10.9
"20069",447,7.5
"20071",135,11.3
"20073",861,14.5
"20075",365,14.1
"20077",766,14.3
"20079",3411,10.4
"20081",413,10.5
"20083",210,11.7
"20085",1375,10.5
"20087",1411,7.6
"20089",420,15
"20091",32334,5.5
"20093",478,12.4
"20095",786,11.1
"20097",286,12.1
"20099",3129,16
"20101",159,10.3
"20103",7925,10.6
"20105",375,12.7
"20107",1244,12.9
"20109",253,9.1
"20111",5142,16.1
"20113",2881,10.5
"20115",1075,9.6
"20117",1068,11.2
"20119",376,9.4
"20121",2603,7.9
"20123",669,11.4
"20125",5998,19.5
"20127",620,11.4
"20129",286,11.1
"20131",898,9.1
"20133",2271,14.8
"20135",291,10.5
"20137",670,14.6
"20139",1953,12.5
"20141",434,12.9
"20143",577,10.2
"20145",787,14.2
"20147",646,12.4
"20149",1907,8
"20151",1074,12
"20153",316,12.9
"20155",7266,12.3
"20157",502,11
"20159",1221,13.8
"20161",13273,20.7
"20163",550,11.2
"20165",417,13.8
"20167",932,13.7
"20169",5812,11
"20171",373,7.8
"20173",67722,13.4
"20175",3216,15.1
"20177",24062,13.9
"20179",297,11.9
"20181",790,13.7
"20183",431,12.2
"20185",549,13.4
"20187",223,11.5
"20189",588,10.7
"20191",3016,13.4
"20193",727,9.9
"20195",316,11.6
"20197",548,8.1
"20199",194,13.1
"20201",655,12.4
"20203",247,11.9
"20205",1307,15.4
"20207",502,16.1
"20209",30035,18.4
"21001",4269,23.8
"21003",3601,17.3
"21005",2239,10
"21007",1197,15.3
"21009",8284,19.2
"21011",2495,20.4
"21013",7998,31.3
"21015",8371,6.4
"21017",3274,16.5
"21019",8229,18.3
"21021",3962,14.8
"21023",918,11.3
"21025",4040,32.5
"21027",3761,18.8
"21029",7596,9.5
"21031",2213,17.7
"21033",2254,18
"21035",7605,21.3
"21037",11741,13.1
"21039",808,17.2
"21041",1620,15.6
"21043",8154,31.1
"21045",4001,26
"21047",11906,18.2
"21049",5712,16
"21051",7015,38.2
"21053",2580,25.7
"21055",1540,17.8
"21057",1522,23.3
"21059",15026,15.3
"21061",2110,17.4
"21063",1621,25.2
"21065",3541,25.3
"21067",45485,14.6
"21069",2669,18.6
"21071",12084,34.2
"21073",6352,12.9
"21075",1705,30.2
"21077",1319,15.1
"21079",2797,16.1
"21081",3404,13.9
"21083",6204,16.9
"21085",5431,21.4
"21087",1961,18
"21089",5747,16.6
"21091",1038,12
"21093",14254,13.4
"21095",8638,33.4
"21097",2865,15.5
"21099",4120,22.2
"21101",7235,16.3
"21103",2273,14.3
"21105",743,17.7
"21107",7908,18.1
"21109",3506,26.5
"21111",115810,15.4
"21113",6562,12.6
"21115",5455,25
"21117",16923,10.4
"21119",4612,32.1
"21121",9719,31.9
"21123",2133,15.3
"21125",12290,20.6
"21127",3920,25.5
"21129",2163,34.4
"21131",3042,30.8
"21133",6717,31.1
"21135",3292,25.2
"21137",4995,20.6
"21139",1268,13.9
"21141",4781,18
"21143",1012,14.5
"21145",9423,14.7
"21147",5274,33.7
"21149",1263,13.9
"21151",14065,16.5
"21153",3463,28.4
"21155",3229,17.1
"21157",3715,12.1
"21159",3875,39.1
"21161",3057,18.2
"21163",3245,11.4
"21165",1669,26.4
"21167",2759,12.8
"21169",2298,23.3
"21171",2415,23
"21173",4232,15.3
"21175",3102,27.3
"21177",5054,17.4
"21179",5530,12.2
"21181",1093,15.5
"21183",4054,17.2
"21185",3463,5.6
"21187",1707,15.8
"21189",1706,39.2
"21191",2222,15.5
"21193",7355,28.9
"21195",13499,23.8
"21197",2666,22
"21199",12392,19.5
"21201",396,19.1
"21203",3732,22.8
"21205",4882,22.7
"21207",3792,21.6
"21209",4557,8.3
"21211",4714,10
"21213",2271,12.5
"21215",1363,7.3
"21217",4635,19.2
"21219",2055,17.1
"21221",1901,13.1
"21223",1393,16.5
"21225",2327,16.3
"21227",20486,16.5
"21229",1644,13.8
"21231",5629,28.1
"21233",2329,18.4
"21235",8849,25.7
"21237",2202,31.4
"21239",2438,9.4
"22001",15378,25.2
"22003",4177,19.6
"22005",13341,10.8
"22007",4562,20.7
"22009",10158,27.4
"22011",5528,15.4
"22013",3481,26.9
"22015",17888,14.4
"22017",52996,22.4
"22019",29744,14.9
"22021",1950,20.8
"22023",962,13.9
"22025",2273,26
"22027",4245,32.7
"22029",4923,27.2
"22031",4959,18.3
"22033",71761,16.7
"22035",2720,45.7
"22037",3319,19.6
"22039",8748,27.3
"22041",5318,27.3
"22043",3891,20
"22045",16816,24.1
"22047",6880,23.8
"22049",3206,21.6
"22051",67200,15.6
"22053",5462,17.7
"22055",36301,15.3
"22057",15989,16.6
"22059",2659,19.5
"22061",10940,25.8
"22063",15562,11.3
"22065",4000,41.7
"22067",6738,27.4
"22069",11951,32.8
"22071",90329,23.8
"22073",31790,21.3
"22075",3582,15.5
"22077",4428,20.3
"22079",24641,19.4
"22081",1911,23.1
"22083",5051,26.2
"22085",5430,23.1
"22087",9306,20.1
"22089",6652,12.8
"22091",1983,19.6
"22093",3492,16.8
"22095",7766,18.2
"22097",26696,32.7
"22099",10179,19.3
"22101",10285,21
"22103",30253,11.8
"22105",23304,17.9
"22107",1404,31.6
"22109",18950,17.3
"22111",3924,18
"22113",10826,18.3
"22115",7951,17.5
"22117",11028,24.6
"22119",9764,26
"22121",3299,12.8
"22123",2455,23.3
"22125",2470,24.4
"22127",2829,22.8
"23001",12838,12.3
"23003",9988,15.3
"23005",23332,8.2
"23007",4141,14.5
"23009",6233,11.6
"23011",13290,11.2
"23013",4209,11
"23015",3751,11.1
"23017",9490,16.7
"23019",21154,14.7
"23021",2883,17.5
"23023",3059,8.7
"23025",8011,16.1
"23027",5333,13.7
"23029",5613,18.3
"23031",18133,9
"24001",10570,16.7
"24003",39231,7
"24005",79482,9.9
"24009",4912,5.4
"24011",4320,13.2
"24013",9828,6
"24015",8406,8.3
"24017",10487,6.6
"24019",4851,15.4
"24021",15552,6.2
"24023",3483,12.2
"24025",17528,7
"24027",16874,5.2
"24029",2329,12.9
"24031",72247,6.9
"24033",73777,8.3
"24035",3237,6.5
"24037",8770,8
"24039",4758,23.4
"24041",3377,9.2
"24043",15871,11.1
"24045",14327,14.6
"24047",5300,10.4
"24510",109306,18.9
"25001",16661,8
"25003",13673,11.3
"25005",59147,10.8
"25007",1316,7.7
"25009",82387,10.7
"25011",7395,10.6
"25013",76016,16.7
"25015",15397,11.1
"25017",113717,7.3
"25019",669,5.9
"25021",44959,6.5
"25023",31285,6.2
"25025",133144,17.5
"25027",72636,9
"26001",1995,19.5
"26003",1019,12.6
"26005",12429,10.7
"26007",4277,15.3
"26009",2439,10.6
"26011",2360,15.9
"26013",1126,15.4
"26015",5100,8.5
"26017",16044,15.6
"26019",1812,10.3
"26021",23151,15.3
"26023",6034,14.5
"26025",22602,17.3
"26027",5727,11.2
"26029",2756,10.6
"26031",3359,13.4
"26033",5608,17.1
"26035",6253,20.6
"26037",5896,7.5
"26039",1862,13.6
"26041",4380,12.4
"26043",2703,10.8
"26045",9987,9.3
"26047",2725,8.3
"26049",75251,18.8
"26051",3905,15.6
"26053",2404,17.5
"26055",8656,9.5
"26057",5679,16.2
"26059",5958,13.5
"26061",6316,19
"26063",3876,12.6
"26065",49916,18.1
"26067",5822,9.9
"26069",3724,15.1
"26071",1531,14.2
"26073",15106,23.4
"26075",20553,13.7
"26077",36927,14.4
"26079",2481,14.1
"26081",72623,11.3
"26083",253,12
"26085",2559,22.3
"26087",8723,10.1
"26089",1519,7
"26091",9668,10.4
"26093",9560,5
"26095",1063,20.7
"26097",1431,13.4
"26099",95731,11
"26101",3026,13.1
"26103",8824,14.1
"26105",3455,12.1
"26107",7368,18.4
"26109",2810,12.4
"26111",9217,11.3
"26113",1920,12.9
"26115",14891,10
"26117",8709,14.3
"26119",1659,18.2
"26121",26321,15.7
"26123",7522,15.6
"26125",102052,8.2
"26127",4070,15.5
"26129",3289,15.9
"26131",810,14.1
"26133",4032,17.6
"26135",1408,17.1
"26137",2771,11.4
"26139",19087,6.8
"26141",1782,14.2
"26143",4038,17.1
"26145",31323,17
"26147",21745,13.8
"26149",8191,13.6
"26151",6477,15.9
"26153",1044,13.2
"26155",7279,10.8
"26157",6580,12.7
"26159",11432,15.3
"26161",52258,15
"26163",376649,21.7
"26165",4318,13.1
"27001",2145,13.7
"27003",19568,5.6
"27005",3764,11.1
"27007",8220,18.4
"27009",4074,10.2
"27011",549,11.3
"27013",9693,15.1
"27015",2008,8.4
"27017",3454,10.1
"27019",3945,3.8
"27021",3771,12.9
"27023",1031,8.8
"27025",3508,6.4
"27027",7220,11.8
"27029",1107,12.8
"27031",511,9.6
"27033",1147,10.4
"27035",8105,12.6
"27037",26434,6.3
"27039",1266,6.1
"27041",3304,8.8
"27043",1569,11.7
"27045",2049,9.9
"27047",2948,9.9
"27049",3250,7.1
"27051",583,9.9
"27053",127826,10.3
"27055",1560,8.5
"27057",2535,12
"27059",2987,7.6
"27061",5206,11.8
"27063",864,8.8
"27065",1800,11.3
"27067",4854,11.5
"27069",415,10
"27071",1811,14.9
"27073",619,9.5
"27075",900,8.6
"27077",383,10.4
"27079",2191,7.8
"27081",562,10.1
"27083",3009,12.1
"27085",2520,7.1
"27087",1135,20.9
"27089",764,8.2
"27091",2677,13.7
"27093",1715,7.5
"27095",3163,12.4
"27097",3307,10.1
"27099",4567,11.6
"27101",667,8.2
"27103",2759,8.7
"27105",2335,10.8
"27107",691,10.9
"27109",10908,7.1
"27111",5940,10.3
"27113",1278,9.2
"27115",3319,12
"27117",917,10.4
"27119",3654,12
"27121",919,8.4
"27123",78160,14.6
"27125",423,10.7
"27127",1409,9.4
"27129",1505,10.5
"27131",5718,9.6
"27133",815,8.9
"27135",1261,8.5
"27137",28232,14.7
"27139",7563,5.2
"27141",6098,6.5
"27143",1052,7.1
"27145",18879,12.4
"27147",3491,9.6
"27149",986,11.2
"27151",936,10.2
"27153",3017,12.4
"27155",418,13.1
"27157",1578,7.4
"27159",1924,14.4
"27161",1633,9.2
"27163",10755,4.2
"27165",1152,10.7
"27167",572,9.4
"27169",6126,13
"27171",6639,4.9
"27173",1124,11.7
"28001",8478,29.4
"28003",6559,18.2
"28005",2706,22.2
"28007",4272,23.7
"28009",1807,22.1
"28011",8715,29.4
"28013",3026,21.3
"28015",1710,17.9
"28017",3383,20.3
"28019",1668,20.4
"28021",2827,36.3
"28023",3351,21.6
"28025",4170,21.9
"28027",7893,35.9
"28029",7364,26.5
"28031",4910,26.5
"28033",16255,9
"28035",17341,24
"28037",1551,20.1
"28039",3802,16.1
"28041",2485,22.6
"28043",4621,22.3
"28045",8181,17.5
"28047",40288,20
"28049",44204,19.4
"28051",5515,33.2
"28053",3015,37
"28055",409,40.5
"28057",3066,13.7
"28059",25348,17.9
"28061",3098,19
"28063",2388,35.5
"28065",2885,26
"28067",13223,19.9
"28069",2427,27.5
"28071",8801,18
"28073",8666,14
"28075",18243,25.5
"28077",2329,18.7
"28079",5335,25.4
"28081",10977,13.1
"28083",9655,35.1
"28085",6422,19.1
"28087",13276,23.1
"28089",9750,9.4
"28091",6500,27.2
"28093",7019,20.9
"28095",5750,16.4
"28097",2265,22.9
"28099",7701,26.9
"28101",4399,21.2
"28103",3001,29
"28105",12296,27.3
"28107",7391,21.8
"28109",9761,18.1
"28111",2597,22
"28113",11814,30.6
"28115",5185,16.5
"28117",4808,19.8
"28119",2604,37.6
"28121",14162,9.6
"28123",7135,25.5
"28125",1444,33.6
"28127",5200,19.8
"28129",2660,16.8
"28131",3378,20.1
"28133",7041,32.6
"28135",3852,33.4
"28137",4827,17.6
"28139",3652,16.9
"28141",2912,15.2
"28143",2599,26.5
"28145",3779,13.4
"28147",3350,23.4
"28149",8766,19.2
"28151",14414,32.6
"28153",4318,21.4
"28155",1764,18.1
"28157",2325,30.3
"28159",3717,21
"28161",2208,18.1
"28163",8417,37.1
"29001",5356,23.9
"29003",1429,8.2
"29005",600,11.8
"29007",3883,16.7
"29009",6658,18.8
"29011",2057,17.6
"29013",2267,14.2
"29015",3834,20.2
"29017",1871,15.6
"29019",28584,16.8
"29021",13117,15.6
"29023",8567,20.5
"29025",1281,14.4
"29027",4795,11.7
"29029",5712,12.6
"29031",10334,13.8
"29033",1060,12.3
"29035",1355,22.6
"29037",8427,8.1
"29039",2502,17.9
"29041",967,13.4
"29043",7388,8.6
"29045",1001,14.9
"29047",17153,7
"29049",1793,9
"29051",6362,8.9
"29053",2242,14
"29055",3741,15.9
"29057",1245,16.8
"29059",2750,16.6
"29061",1212,14.9
"29063",1470,16
"29065",3082,20.3
"29067",2593,19.7
"29069",7462,26.1
"29071",9383,9.2
"29073",1697,11.8
"29075",1007,15.5
"29077",43423,15.5
"29079",1583,16.6
"29081",1277,15.5
"29083",3606,16.8
"29085",1677,17.8
"29087",572,13.3
"29089",1233,13.1
"29091",8371,21.3
"29093",1966,19.9
"29095",89787,13
"29097",19498,16.6
"29099",19327,8.7
"29101",7032,14.1
"29103",640,16.6
"29105",5403,15.4
"29107",3516,11
"29109",5831,15.5
"29111",1405,15.4
"29113",6055,10.6
"29115",1976,16.7
"29117",2045,15.6
"29119",4083,17.9
"29121",2064,13.9
"29123",1982,16.6
"29125",1205,13.9
"29127",3686,13.5
"29129",439,12.2
"29131",4204,16.9
"29133",3069,26.8
"29135",1723,11.7
"29137",1158,13.6
"29139",1591,14.3
"29141",3250,16.3
"29143",3089,18.3
"29145",9144,16
"29147",3715,19.8
"29149",2468,23.8
"29151",1222,9.2
"29153",1962,22
"29155",4664,29.1
"29157",2040,10.9
"29159",6885,16.6
"29161",7517,18.1
"29163",2557,15.9
"29165",5925,5.8
"29167",4965,16.2
"29169",6350,15.2
"29171",675,14.4
"29173",923,9.1
"29175",3960,17.6
"29177",2220,9.9
"29179",1240,20.3
"29181",3116,23.5
"29183",22272,5.7
"29185",1669,18.2
"29186",1720,9.8
"29187",11341,19
"29189",102720,10.5
"29195",3188,14.8
"29197",764,16.9
"29199",685,14.1
"29201",7210,19.1
"29203",1829,22.6
"29205",834,14.3
"29207",4238,14.8
"29209",4204,13.4
"29211",935,15.3
"29213",8367,15.4
"29215",5806,24.6
"29217",3387,17.2
"29219",3606,10.5
"29221",5145,21.7
"29223",3018,23.3
"29225",5384,14.1
"29227",279,14.1
"29229",4330,23.9
"29510",66858,22.8
"30001",1236,13.8
"30003",3375,25.6
"30005",1393,20.8
"30007",617,10.3
"30009",1247,11.7
"30011",167,13.7
"30013",10607,13.4
"30015",1060,18.7
"30017",1398,12.5
"30019",171,10.1
"30021",934,11.4
"30023",1346,15.9
"30025",266,9.2
"30027",1313,12.2
"30029",11288,11.2
"30031",9721,9
"30033",207,16.3
"30035",3629,27
"30037",150,18.9
"30039",449,13.4
"30041",2151,13.5
"30043",922,7.7
"30045",260,13.3
"30047",5442,18.2
"30049",7061,10.5
"30051",443,19
"30053",3964,20.3
"30055",235,14.2
"30057",801,9.2
"30059",285,15.9
"30061",601,14
"30063",14719,12.7
"30065",691,15
"30067",1744,10.5
"30069",83,16.2
"30071",608,15.2
"30073",1028,17.8
"30075",205,12.2
"30077",950,18.1
"30079",144,13.5
"30081",6628,15.5
"30083",950,8.7
"30085",2763,25.4
"30087",1523,17
"30089",1871,16
"30091",366,10.9
"30093",5697,16.7
"30095",766,8.1
"30097",364,10
"30099",941,15.8
"30101",640,15.1
"30103",77,11.4
"30105",1007,13.7
"30107",411,19
"30109",121,12
"30111",17150,10.9
"31001",3558,11.8
"31003",788,12.6
"31005",60,12.9
"31007",91,12.5
"31009",77,16.2
"31011",470,9.2
"31013",1454,13.7
"31015",264,13.9
"31017",369,12.5
"31019",5068,10.7
"31021",688,10.8
"31023",717,9.1
"31025",1898,7.4
"31027",720,8.7
"31029",370,9.5
"31031",693,12.2
"31033",1035,11.3
"31035",671,11
"31037",1120,10.4
"31039",778,8.9
"31041",1274,12
"31043",2455,12.4
"31045",1360,17.1
"31047",2824,12.1
"31049",214,11.8
"31051",544,9.7
"31053",3484,9.8
"31055",64276,11.6
"31057",245,14
"31059",474,8.9
"31061",398,13.4
"31063",351,14.2
"31065",579,12.6
"31067",2364,11.2
"31069",283,15.1
"31071",253,13.1
"31073",178,9.1
"31075",70,10.6
"31077",294,12.8
"31079",7839,13
"31081",593,6.5
"31083",371,11.1
"31085",148,16.2
"31087",424,15.3
"31089",1210,12.1
"31091",55,8.3
"31093",650,10.2
"31095",821,11.8
"31097",563,13.8
"31099",591,9.2
"31101",949,11.9
"31103",148,18.3
"31105",443,12.5
"31107",1098,13.4
"31109",37583,12.4
"31111",3472,10.1
"31113",69,9.3
"31115",105,17.1
"31117",57,11.6
"31119",3992,11.7
"31121",811,10.7
"31123",669,14.5
"31125",401,11.7
"31127",824,12.7
"31129",455,11
"31131",1464,9.4
"31133",357,13.8
"31135",297,10.3
"31137",828,9.5
"31139",690,9.8
"31141",2789,8.5
"31143",441,8.5
"31145",1135,11
"31147",1004,13
"31149",194,14.6
"31151",1649,12.4
"31153",10399,5.7
"31155",1637,7.8
"31157",5021,14.3
"31159",1155,7.2
"31161",834,16.5
"31163",417,14
"31165",198,16.7
"31167",446,7.5
"31169",528,10.8
"31171",107,15
"31173",1725,23.9
"31175",511,12.4
"31177",1423,6.9
"31179",1177,13.9
"31181",450,13.2
"31183",112,14
"31185",1255,9.7
"32001",2756,11.4
"32003",307977,14
"32005",3457,7.2
"32007",4276,8.3
"32009",119,14.4
"32011",189,9.5
"32013",1977,11.9
"32015",616,11.1
"32017",655,13.4
"32019",5803,10.5
"32021",941,21.1
"32023",6725,15.2
"32027",889,18.3
"32029",306,7.6
"32031",47627,10.4
"32033",1082,13.3
"32510",5952,11.3
"33001",4149,6.9
"33003",4358,9
"33005",7307,10.2
"33007",3828,13.1
"33009",7427,9
"33011",30147,7.4
"33013",10149,7
"33015",16270,5.3
"33017",11673,9.7
"33019",4768,11.2
"34001",33167,12.8
"34003",63403,6.8
"34005",26786,6.2
"34007",64417,12.9
"34009",9325,10.3
"34011",21430,15.2
"34013",116246,14.9
"34015",21869,7.6
"34017",95704,14.3
"34019",5317,4.4
"34021",38279,10.9
"34023",65823,8.2
"34025",41380,6.7
"34027",22980,4.7
"34029",57366,9.7
"34031",67374,13.6
"34033",6891,11.2
"34035",16112,4.9
"34037",7233,5.2
"34039",43279,7.8
"34041",7006,6.7
"35001",109959,16.5
"35003",827,23.3
"35005",11872,18.9
"35006",6910,28.6
"35007",2315,19.8
"35009",8239,17.2
"35011",361,20.4
"35013",52914,24.9
"35015",8981,15.7
"35017",5535,20.7
"35019",915,24.3
"35021",109,16.7
"35023",1070,25.7
"35025",10813,16.1
"35027",3166,16.4
"35028",733,3.9
"35029",6364,27.2
"35031",23092,32.3
"35033",1053,23.5
"35035",13074,20.3
"35037",1975,24.1
"35039",8498,22
"35041",3979,22.6
"35043",18215,12.6
"35045",28486,23.1
"35047",7479,28.2
"35049",17972,12.2
"35051",2739,25.7
"35053",4767,29.6
"35055",6955,21.4
"35057",3763,25.2
"35059",701,20.4
"35061",12908,17.3
"36001",32888,11.3
"36003",7161,17
"36005",380470,27.3
"36007",31406,17.3
"36009",12711,17.1
"36011",9509,13
"36013",22426,18.3
"36015",10856,13.5
"36017",7023,15.1
"36019",9779,13.2
"36021",6828,11.7
"36023",7426,16.9
"36025",6746,15.9
"36027",25387,9.2
"36029",122204,13.7
"36031",4150,11.7
"36033",7404,16.7
"36035",6830,13
"36037",5494,9.9
"36039",5789,13
"36041",404,9.1
"36043",8176,13.5
"36045",12996,12.3
"36047",483632,18.9
"36049",3177,12.2
"36051",7173,12.5
"36053",7121,10.8
"36055",103620,14.4
"36057",7694,15.8
"36059",77883,5.8
"36061",245347,15.6
"36063",26833,13
"36065",32150,14.8
"36067",61143,13.7
"36069",9077,8.5
"36071",42664,11.5
"36073",4819,12.6
"36075",18209,16.1
"36077",6881,12.5
"36079",5863,6
"36081",261819,11.6
"36083",17059,11.1
"36085",55217,11.7
"36087",44728,13.9
"36089",14677,15.1
"36091",14319,6.3
"36093",17062,11.3
"36095",3532,11.8
"36097",2392,13.5
"36099",4000,12.6
"36101",12069,12.8
"36103",105578,7.3
"36105",11834,16.2
"36107",4912,10.2
"36109",15146,16.8
"36111",24389,14.3
"36113",6859,10.8
"36115",6637,11.4
"36117",8511,9.6
"36119",78572,8.3
"36121",3627,9.9
"36123",3014,12.7
"37001",21661,13.5
"37003",4653,13
"37005",2060,18.7
"37007",4680,20.5
"37009",4542,16.9
"37011",2542,16.8
"37013",8429,18.1
"37015",4172,23.5
"37017",9542,29.1
"37019",14203,10.5
"37021",28859,11.5
"37023",12278,14
"37025",18839,9
"37027",12830,15.9
"37029",884,8.3
"37031",6717,9.8
"37033",3642,17.1
"37035",20321,13
"37037",6709,9.3
"37039",5253,18.8
"37041",2370,17.2
"37043",1602,14.6
"37045",18301,19.1
"37047",13279,25.3
"37049",14513,14.9
"37051",53788,17
"37053",2602,9.7
"37055",2992,8.3
"37057",24694,15
"37059",4555,10.8
"37061",11877,20.4
"37063",41063,13.5
"37065",11705,22.9
"37067",60361,16.4
"37069",8394,12.7
"37071",31172,14.2
"37073",1747,15.2
"37075",1575,18.9
"37077",7331,13
"37079",4319,23.5
"37081",79267,15.4
"37083",10800,22
"37085",18802,14.4
"37087",8071,13.1
"37089",11212,9.7
"37091",4909,23.2
"37093",9621,18
"37095",1014,22.2
"37097",16746,9.5
"37099",6570,16.7
"37101",23374,11.7
"37103",1542,16.2
"37105",9459,15.7
"37107",12193,22.1
"37109",8555,10.3
"37111",6802,15.4
"37113",5700,16.3
"37115",3502,17
"37117",4571,20.3
"37119",126098,11.7
"37121",2383,16.1
"37123",4379,16.7
"37125",10263,10.5
"37127",13024,14.2
"37129",34250,15.3
"37131",4043,21.4
"37133",26562,15.1
"37135",17045,12.4
"37137",1983,16.6
"37139",6854,18.2
"37141",9207,15.1
"37143",2108,15.8
"37145",5773,14.8
"37147",40201,23.2
"37149",2389,11.8
"37151",19631,13.8
"37153",8698,19.9
"37155",31143,24.5
"37157",16003,17.9
"37159",22298,16.3
"37161",12538,19.1
"37163",14243,22.8
"37165",8637,26.9
"37167",7924,13.2
"37169",5455,12.1
"37171",11351,16
"37173",2124,15.2
"37175",4277,12.8
"37177",880,25.2
"37179",16361,7
"37181",11585,26.3
"37183",89819,8.4
"37185",3750,19.8
"37187",2470,21.1
"37189",10608,21.2
"37191",24470,20.2
"37193",12712,18.9
"37195",16868,21.1
"37197",4829,13
"37199",3153,17.8
"38001",234,10.4
"38003",1231,12.3
"38005",2129,30.8
"38007",82,9
"38009",715,11.6
"38011",264,8.7
"38013",195,9.3
"38015",6798,7.4
"38017",18270,10.4
"38019",398,10.6
"38021",520,11.1
"38023",222,10
"38025",443,10.4
"38027",237,10.6
"38029",431,13.3
"38031",274,8.7
"38033",192,11.2
"38035",8681,12.9
"38037",341,14.5
"38039",202,9.2
"38041",291,12.4
"38043",355,14.5
"38045",456,11.4
"38047",239,12.9
"38049",685,11.9
"38051",339,13.6
"38053",1240,9.2
"38055",867,9.2
"38057",585,7.2
"38059",2468,8.1
"38061",1055,10.4
"38063",301,10.8
"38065",198,10.2
"38067",697,10.3
"38069",447,11.6
"38071",1361,12.3
"38073",440,8.7
"38075",191,8.2
"38077",1781,11.6
"38079",3504,24.7
"38081",296,7.8
"38083",223,16.6
"38085",1408,32.9
"38087",97,12.7
"38089",2486,8.2
"38091",148,7.8
"38093",2203,11.4
"38095",200,9.3
"38097",630,8.2
"38099",1147,10.9
"38101",7057,10.8
"38103",442,11.4
"38105",2265,6.5
"39001",5382,19.7
"39003",13901,14.4
"39005",5308,10.4
"39007",16353,17.4
"39009",17237,30.7
"39011",3132,6.9
"39013",8272,13
"39015",5064,11.8
"39017",45821,12.4
"39019",3431,12.9
"39021",3809,10
"39023",19467,14.9
"39025",16745,8.2
"39027",4802,11.8
"39029",14938,15.1
"39031",5559,15.4
"39033",5688,14
"39035",217166,17.9
"39037",4800,9.5
"39039",3372,9.1
"39041",8271,4.1
"39043",7769,10.6
"39045",14172,9.3
"39047",4227,15.1
"39049",198207,15.5
"39051",3303,7.9
"39053",6407,22.1
"39055",5341,5.7
"39057",18567,11.6
"39059",7232,18.8
"39061",122843,15.4
"39063",7370,9.9
"39065",4327,14.7
"39067",2285,15.3
"39069",2865,10.8
"39071",6550,15.4
"39073",3944,14.1
"39075",4054,9.4
"39077",6376,11.1
"39079",5350,16.8
"39081",12052,19
"39083",8039,13.8
"39085",16970,7.5
"39087",11093,18.8
"39089",15591,9.1
"39091",5095,11.4
"39093",42562,14.2
"39095",78398,18.7
"39097",4215,10.7
"39099",36520,16.5
"39101",9772,16.5
"39103",11474,6.5
"39105",4064,17.8
"39107",3066,7.6
"39109",8329,7.9
"39111",1917,14.1
"39113",87187,16.9
"39115",2443,17
"39117",4106,11.9
"39119",13996,16.6
"39121",2109,18.1
"39123",3807,9.5
"39125",1922,10.3
"39127",5846,16.4
"39129",6413,12.1
"39131",5648,20.5
"39133",17564,11.3
"39135",3936,9.7
"39137",1835,5.5
"39139",16416,14.4
"39141",13099,18.4
"39143",5769,10
"39145",16288,22.6
"39147",6372,12.1
"39149",4293,9
"39151",52330,14.4
"39153",63889,12
"39155",34413,17.6
"39157",11107,12.3
"39159",2724,5
"39161",2344,8.4
"39163",2474,19
"39165",11709,5.2
"39167",9251,15.9
"39169",10496,9.4
"39171",3482,9.7
"39173",14733,11.9
"39175",1723,8
"40001",5372,24.6
"40003",714,15.2
"40005",2707,20.8
"40007",588,11.2
"40009",3202,16.3
"40011",1493,16
"40013",7604,16.6
"40015",5239,19.5
"40017",10336,7.3
"40019",8335,17.7
"40021",9862,21
"40023",3312,23
"40025",352,16.4
"40027",32077,11.9
"40029",1229,22.6
"40031",18303,16.7
"40033",926,16.2
"40035",2631,19.5
"40037",9874,14
"40039",5001,18.2
"40041",8756,20.7
"40043",580,12.1
"40045",494,12.7
"40047",9001,15.2
"40049",4139,15.1
"40051",5507,10.1
"40053",538,12.7
"40055",1218,26
"40057",612,23.9
"40059",413,11
"40061",2929,23.3
"40063",2902,24.6
"40065",3704,15.3
"40067",1473,24.7
"40069",2068,19.5
"40071",8751,20.4
"40073",1554,9.9
"40075",1448,16.9
"40077",1721,17.9
"40079",10903,22.6
"40081",5069,14.7
"40083",4745,10.4
"40085",1466,14.6
"40087",3592,9.1
"40089",6796,21.1
"40091",4649,23.9
"40093",816,10.8
"40095",2961,18
"40097",6271,15.5
"40099",2029,14.9
"40101",10094,15.6
"40103",1431,12.9
"40105",1650,16.5
"40107",2890,26.1
"40109",131185,16.9
"40111",7916,21.5
"40113",6864,15.1
"40115",6210,20.6
"40117",2368,14.7
"40119",16909,22.8
"40121",8160,19.7
"40123",5600,15.3
"40125",12181,17.6
"40127",2169,19.7
"40129",505,13.9
"40131",8855,9.8
"40133",4458,18.6
"40135",7636,18.8
"40137",6408,15
"40139",2530,12.7
"40141",1491,21.1
"40143",89706,14.1
"40145",7912,10
"40147",6607,13
"40149",1929,17.8
"40151",1194,15.2
"40153",2816,14.8
"41001",2405,15.4
"41003",13739,15.8
"41005",30022,7.3
"41007",4317,11
"41009",5302,10.2
"41011",10005,15.9
"41013",3049,12.9
"41015",3381,14.9
"41017",17918,9.4
"41019",16387,15
"41021",212,11.4
"41023",1164,16.4
"41025",1089,15.1
"41027",2512,10.9
"41029",32137,14.8
"41031",3704,16
"41033",14655,17
"41035",12310,18.5
"41037",1360,18.3
"41039",67217,18.1
"41041",6639,13.6
"41043",15989,12.7
"41045",5774,21
"41047",48997,14.5
"41049",1744,15.4
"41051",95543,12
"41053",10622,12.7
"41055",237,13.9
"41057",3470,13.2
"41059",11557,15.8
"41061",3598,13.9
"41063",1013,14.5
"41065",3467,13.4
"41067",51789,8.8
"41069",258,19.2
"41071",12433,12.2
"42001",7919,8
"42003",138397,11.7
"42005",5917,9.2
"42007",18061,11.2
"42009",5007,10.5
"42011",46762,11.4
"42013",17156,14.4
"42015",7495,12.5
"42017",35350,5.7
"42019",15883,8.7
"42021",18520,14.7
"42023",614,13.9
"42025",7522,11.9
"42027",25901,18.1
"42029",34311,6.7
"42031",5646,15.3
"42033",11323,15.4
"42035",4506,12.3
"42037",7553,12.3
"42039",10880,13.4
"42041",17469,7.3
"42043",35730,13.2
"42045",47800,8.8
"42047",2742,9.2
"42049",39839,15.3
"42051",18475,14.6
"42053",1113,24
"42055",16759,11
"42057",1645,11.5
"42059",5334,15.9
"42061",5498,13.7
"42063",12356,15.5
"42065",6166,14.4
"42067",2277,9.4
"42069",28929,14.2
"42071",42131,7.9
"42073",13319,15.8
"42075",13802,10
"42077",42991,12
"42079",43839,14.3
"42081",14054,13
"42083",6374,16.8
"42085",15985,15.3
"42087",6867,15.1
"42089",20202,12.3
"42091",47317,5.9
"42093",1771,10.1
"42095",29917,10.2
"42097",11552,13.3
"42099",4438,9.8
"42101",372322,24.3
"42103",5690,10.3
"42105",2413,14.8
"42107",17574,13
"42109",4052,10.7
"42111",8289,12
"42113",847,14.3
"42115",5128,12.8
"42117",5894,15
"42119",4575,12.6
"42121",7537,15
"42123",4316,11.2
"42125",18274,9
"42127",6163,13
"42129",31749,9.2
"42131",3116,11.8
"42133",38582,8.8
"44001",3557,7.7
"44003",12620,7.8
"44005",6423,8.1
"44007",98431,16.1
"44009",9507,8
"45001",4545,19.1
"45003",25095,15
"45005",2901,37.3
"45007",28843,14.6
"45009",3605,26.7
"45011",4661,22.4
"45013",19881,10.9
"45015",27687,12.8
"45017",2647,18.4
"45019",55971,14.2
"45021",9394,16.8
"45023",5830,18.2
"45025",9453,20.9
"45027",8520,26.4
"45029",7440,20
"45031",15356,23.5
"45033",9648,32.1
"45035",17466,11
"45037",4489,18.5
"45039",5219,23.7
"45041",24375,18
"45043",12064,19.6
"45045",55837,11.1
"45047",12455,18.3
"45049",4637,25.8
"45051",48595,14.3
"45053",5263,19
"45055",9431,14.5
"45057",12446,13.3
"45059",12768,19.7
"45061",4376,28.1
"45063",36432,12.5
"45065",1564,18.6
"45067",7841,25.5
"45069",7104,30
"45071",6362,17.1
"45073",11159,14.4
"45075",21733,25.9
"45077",19471,16.6
"45079",64210,16.7
"45081",3017,14.9
"45083",41706,13.6
"45085",19418,18.7
"45087",5485,20.4
"45089",7726,26
"45091",26453,9.8
"46003",276,10.2
"46005",2387,12.9
"46007",1115,32.5
"46009",866,15.7
"46011",3744,11.8
"46013",4195,11
"46015",807,15.8
"46017",925,45.7
"46019",1442,14.3
"46021",149,10.9
"46023",1857,20.9
"46025",440,12.6
"46027",2314,19.5
"46029",3115,11.3
"46031",1394,33.6
"46033",853,10.1
"46035",2290,12
"46037",820,15.3
"46039",390,9.1
"46041",1514,25.8
"46043",340,12.1
"46045",421,11.5
"46047",850,13
"46049",332,15.6
"46051",707,9.9
"46053",686,16.5
"46055",208,11
"46057",549,9.3
"46059",314,9.8
"46061",280,8.8
"46063",131,10.7
"46065",1590,9.4
"46067",784,11.5
"46069",128,10.3
"46071",1070,32.7
"46073",280,14.5
"46075",122,13.2
"46077",432,9
"46079",1258,10.2
"46081",3155,12.7
"46083",2585,4.4
"46085",794,21.1
"46087",514,9.6
"46089",379,17.1
"46091",587,12
"46093",2309,8.4
"46095",699,35.2
"46097",247,11.5
"46099",18035,9.6
"46101",644,9.9
"46102",7688,54
"46103",14567,13.3
"46105",394,13.7
"46107",217,10.2
"46109",2173,21.3
"46111",299,12.9
"46115",781,12.6
"46117",235,7.8
"46119",123,8.8
"46121",4955,48.4
"46123",1061,19.9
"46125",775,9.4
"46127",915,5.9
"46129",812,15
"46135",2296,11
"46137",1201,43.9
"47001",12433,16.5
"47003",6955,14.4
"47005",3068,19.2
"47007",3235,26.7
"47009",12816,9.9
"47011",15216,14.7
"47013",8392,21.6
"47015",2022,14.2
"47017",4963,18.6
"47019",10530,19.1
"47021",4122,10.3
"47023",2555,15.9
"47025",7129,23.4
"47027",1601,21
"47029",7981,22.5
"47031",8745,15.9
"47033",2736,19.4
"47035",8494,14.4
"47037",102623,15.4
"47039",2083,18.2
"47041",3435,17.4
"47043",7259,13.8
"47045",6735,18.4
"47047",5227,13.1
"47049",3701,20.6
"47051",6335,16
"47053",7904,16.5
"47055",4160,14.5
"47057",4211,18.4
"47059",10146,15.1
"47061",2787,21.2
"47063",10883,17.1
"47065",46021,13
"47067",1912,29.9
"47069",5025,23.5
"47071",5149,20.3
"47073",10252,18.4
"47075",3513,20.5
"47077",4957,18
"47079",5982,18.8
"47081",3827,16.3
"47083",1349,16.7
"47085",2477,13.6
"47087",2286,19.8
"47089",7241,13.8
"47091",3308,20.7
"47093",59817,13.2
"47095",1795,36.5
"47097",5907,24.9
"47099",7643,17.7
"47101",2074,17.5
"47103",4853,14.4
"47105",4754,9.1
"47107",8307,15.9
"47109",4408,17.4
"47111",4309,18.1
"47113",16631,17.8
"47115",4337,15.3
"47117",4702,14.1
"47119",10032,10.8
"47121",2153,17.8
"47123",7151,15.7
"47125",24251,12
"47127",575,9.1
"47129",3919,20.4
"47131",5267,17.7
"47133",3251,15
"47135",1390,17.6
"47137",797,16
"47139",2623,15.8
"47141",10996,14.5
"47143",5886,18.4
"47145",7779,14.8
"47147",7414,10.6
"47149",33172,10.4
"47151",4591,21.2
"47153",2339,16
"47155",13466,13.9
"47157",198554,21.7
"47159",2739,13.9
"47161",1867,13.9
"47163",25549,16.5
"47165",16426,8.9
"47167",7240,12
"47169",1570,18.6
"47171",2797,16.1
"47173",3858,19.8
"47175",918,16.3
"47177",9025,22.5
"47179",18528,14.9
"47181",3066,21.3
"47183",6252,19.7
"47185",4612,17.3
"47187",8794,3.8
"47189",10888,7.8
"48001",8778,19.8
"48003",1922,10.7
"48005",15052,17.9
"48007",4642,19.9
"48009",922,10.6
"48011",197,10.7
"48013",7803,15.7
"48015",3031,10.2
"48017",1087,15.8
"48019",3016,13.4
"48021",10673,12.6
"48023",563,16.1
"48025",6607,26.7
"48027",44865,13
"48029",334215,17.2
"48031",1176,10.1
"48033",65,10
"48035",2721,14.9
"48037",16794,19.1
"48039",36342,10.1
"48041",49310,23.2
"48043",1475,16
"48045",245,16.2
"48047",2183,31
"48049",4778,13.2
"48051",2686,14.8
"48053",5099,11
"48055",5850,14.1
"48057",3036,14.2
"48059",1661,12
"48061",117193,27.9
"48063",2431,18.8
"48065",536,8.9
"48067",6059,20.4
"48069",1328,17.5
"48071",3593,8.5
"48073",8623,17.4
"48075",1180,21.2
"48077",1125,10.9
"48079",609,21.9
"48081",469,14.1
"48083",1604,19.3
"48085",64180,6.4
"48087",502,17.3
"48089",2845,13.7
"48091",10498,7.1
"48093",2180,16.4
"48095",702,26.6
"48097",5914,14.8
"48099",9407,15
"48101",293,21.2
"48103",475,10.1
"48105",529,15.3
"48107",1349,23.7
"48109",444,20.3
"48111",867,12.1
"48113",368310,14.2
"48115",2575,22.9
"48117",3232,17.5
"48119",908,17.2
"48121",62151,7.3
"48123",3370,18.4
"48125",390,20.3
"48127",2508,24.6
"48129",574,18.6
"48131",2684,25.5
"48133",3269,18.7
"48135",20485,12.9
"48137",425,22.1
"48139",15609,8.8
"48141",169120,20.5
"48143",6988,18.1
"48145",3331,21.7
"48147",4466,13.8
"48149",3322,13.3
"48151",592,15.5
"48153",1218,21
"48155",210,18
"48157",61455,7.9
"48159",1615,15.2
"48161",2493,13.7
"48163",4511,27.5
"48165",3198,15.4
"48167",40109,12.1
"48169",1096,24.6
"48171",2527,9.6
"48173",134,9.7
"48175",1077,14.4
"48177",3465,16.9
"48179",3352,16.7
"48181",16116,12.3
"48183",18108,15.1
"48185",4444,17.5
"48187",13716,8.5
"48189",5715,18.4
"48191",718,24.1
"48193",1221,14.7
"48195",626,11.6
"48197",680,17.4
"48199",7035,12.4
"48201",767367,16.5
"48203",9584,14.7
"48205",429,9.5
"48207",1220,23.1
"48209",28293,13.2
"48211",366,9.6
"48213",15718,19.4
"48215",256985,30
"48217",4460,12.6
"48219",4300,19.5
"48221",6108,10.2
"48223",5320,14.6
"48225",5323,26.1
"48227",6263,20.6
"48229",838,17.8
"48231",12715,13.6
"48233",2708,13
"48235",123,8.1
"48237",1359,17.7
"48239",1885,12.9
"48241",6682,19.2
"48243",284,13.1
"48245",44682,18.7
"48247",1318,25.2
"48249",8552,21.2
"48251",17965,10.7
"48253",3232,22
"48255",2751,21.8
"48257",14539,11.5
"48259",3361,7.5
"48261",63,14.3
"48263",89,13.3
"48265",7023,13.9
"48267",760,17.6
"48269",38,13.7
"48271",724,21.1
"48273",7369,25
"48275",723,20.4
"48277",7066,14.4
"48279",2587,20
"48281",2713,12.9
"48283",1737,29.6
"48285",2644,13.5
"48287",2049,12.3
"48289",2679,15.6
"48291",12252,15.1
"48293",4860,22.2
"48295",397,12
"48297",2067,18.7
"48299",2628,12.3
"48301",5,3.3
"48303",52037,17.6
"48305",1063,18.3
"48307",1449,18.5
"48309",46457,18.9
"48311",82,11.1
"48313",2122,17.9
"48315",2135,21.9
"48317",773,13.6
"48319",541,12.7
"48321",6639,18.4
"48323",14859,25.9
"48325",5988,12.3
"48327",452,21.6
"48329",17351,10.1
"48331",3839,15.6
"48333",693,14.6
"48335",1432,21.4
"48337",2668,13.8
"48339",54400,9.3
"48341",2588,12.2
"48343",2462,20.2
"48345",219,17.8
"48347",13110,21.6
"48349",9739,20
"48351",2898,22.3
"48353",2615,18.2
"48355",57694,16.2
"48357",1040,10.5
"48359",245,13
"48361",11101,13.4
"48363",4529,15.9
"48365",3578,15.7
"48367",11289,8.3
"48369",1325,13.5
"48371",2650,19.5
"48373",6834,15
"48375",22262,19.7
"48377",1557,22.4
"48379",1752,14.5
"48381",11343,8.5
"48383",371,10
"48385",616,18.1
"48387",2185,18.2
"48389",2693,21.5
"48391",1125,16.3
"48393",70,7.8
"48395",2699,15.8
"48397",5125,5.1
"48399",1692,16.9
"48401",7900,16.4
"48403",1845,17.6
"48405",1777,22.2
"48407",4981,17.5
"48409",11425,17.3
"48411",896,16.8
"48413",476,16.5
"48415",2408,15.8
"48417",432,13.4
"48419",5173,20.6
"48421",368,12.1
"48423",33744,15
"48425",854,9.7
"48427",21151,33.2
"48429",1696,19.4
"48431",161,12.6
"48433",194,14.6
"48435",531,14.2
"48437",1312,19.2
"48439",248032,12.1
"48441",21301,16
"48443",155,18.9
"48445",2529,22.4
"48447",217,14.3
"48449",6035,18.6
"48451",17558,15.5
"48453",146724,12
"48455",2581,17.7
"48457",3584,18.2
"48459",6455,15.9
"48461",512,14.2
"48463",5999,22.9
"48465",8950,18.9
"48467",8598,15.6
"48469",13855,15.4
"48471",14525,26.1
"48473",7776,15.9
"48475",1611,13.9
"48477",4566,13.8
"48479",69860,25.7
"48481",6909,16.8
"48483",721,14
"48485",21221,17.8
"48487",1905,15.3
"48489",6369,35
"48491",35829,6.4
"48493",5400,10.9
"48495",1069,14.1
"48497",6643,9.9
"48499",6625,15.3
"48501",1028,12.1
"48503",2468,13.9
"48505",4529,32.1
"48507",3701,32
"49001",613,9.4
"49003",3986,7.3
"49005",15830,12.9
"49007",2853,14.4
"49009",64,6.5
"49011",19798,5.7
"49013",2335,11.9
"49015",1247,12.5
"49017",551,11.2
"49019",1092,11.3
"49021",7444,14.4
"49023",968,8.5
"49025",779,10.5
"49027",1453,11.3
"49029",478,4
"49031",262,18.6
"49033",218,8.9
"49035",102660,9
"49037",3419,22.6
"49039",4116,14.8
"49041",2544,12
"49043",2570,6.2
"49045",4744,6.8
"49047",4031,11.5
"49049",57136,9.4
"49051",1750,5.3
"49053",16435,9.7
"49055",347,12.9
"49057",23839,9.4
"50001",3042,8.9
"50003",3905,11.4
"50005",3648,12.5
"50007",16039,10.4
"50009",964,15.5
"50011",5398,11.1
"50013",579,8.2
"50015",2696,11
"50017",2901,10.2
"50019",3194,12.2
"50021",5842,10.4
"50023",6031,10.8
"50025",4965,12
"50027",5227,9.6
"51001",5552,17.3
"51003",8912,8.7
"51005",2164,14.8
"51007",1273,9.9
"51009",3969,13
"51011",2123,13.5
"51013",14842,6.3
"51015",6531,9
"51017",451,10.7
"51019",8162,10.4
"51021",786,14.1
"51023",2441,7.4
"51025",3187,22.5
"51027",5568,27.6
"51029",2993,20.2
"51031",6132,11.3
"51033",2930,9.7
"51035",4605,15.7
"51036",851,12.3
"51037",2264,19.3
"51041",26093,7.6
"51043",934,6.5
"51045",599,11.9
"51047",4375,8.7
"51049",1535,15.7
"51051",3520,25.2
"51053",3486,12.5
"51057",1478,13.7
"51059",69377,6.1
"51061",4260,6.1
"51063",1922,12.3
"51065",1749,6.9
"51067",8390,15.3
"51069",6107,7
"51071",2064,12.4
"51073",3348,9.1
"51075",1498,6.7
"51077",2686,18.4
"51079",1583,8.1
"51081",2183,26.7
"51083",4825,14.5
"51085",5509,5.2
"51087",29502,9
"51089",10068,20
"51091",280,12.7
"51093",3368,9.2
"51095",5288,7
"51097",858,12.2
"51099",1786,6.8
"51101",1223,7.3
"51103",1306,12.3
"51105",5461,24.8
"51107",14700,3.6
"51109",4140,11.3
"51111",2008,18.2
"51113",1330,10.1
"51115",812,9.3
"51117",5565,18.7
"51119",1317,12.7
"51121",21444,24.1
"51125",1814,12.3
"51127",1132,5.2
"51131",2167,18.8
"51133",1790,14.8
"51135",2952,22.4
"51137",3387,9.4
"51139",3293,13.9
"51141",2683,15.5
"51143",9815,16.4
"51145",1931,6.9
"51147",3782,20
"51149",3019,8.9
"51153",29545,6.4
"51155",4791,14.6
"51157",629,8.7
"51159",1169,15.9
"51161",6145,6.7
"51163",2670,12
"51165",6909,8.7
"51167",5683,21.5
"51169",3834,18.5
"51171",4479,10.4
"51173",6059,20.4
"51175",2350,14.7
"51177",10061,7.5
"51179",7822,5.4
"51181",831,12.9
"51183",1980,22.9
"51185",7104,18.2
"51187",4026,10.3
"51191",8022,15.2
"51193",2914,16.4
"51195",8929,25.4
"51197",4391,15.4
"51199",3690,5.5
"51510",16093,10.1
"51520",3324,20.5
"51530",872,15.2
"51540",10614,23.1
"51550",20239,8.5
"51570",1756,10
"51580",826,15.4
"51590",10006,25.6
"51595",1010,20.7
"51600",1823,7.6
"51610",535,3.6
"51620",1444,18.3
"51630",3851,14.5
"51640",1326,21.7
"51650",19954,15.4
"51660",12978,28
"51670",4381,19.7
"51678",1046,23.8
"51680",14789,20.8
"51683",3451,8.4
"51685",1203,7
"51690",3098,24.7
"51700",26007,15.2
"51710",41471,19.7
"51720",811,20.8
"51730",7491,24.1
"51735",618,5.1
"51740",17540,19.2
"51750",4513,30.4
"51760",48424,22.3
"51770",19812,20.2
"51775",2280,9.7
"51790",2937,12.3
"51800",9846,10.9
"51810",33084,7.5
"51820",3370,15.1
"51830",2437,23
"51840",4124,15.3
"53001",3046,15.6
"53003",3133,14
"53005",19597,9.8
"53007",8283,10.9
"53009",9968,13.3
"53011",41980,8.8
"53013",533,13.3
"53015",13165,12.2
"53017",4450,10.4
"53019",1347,17.8
"53021",12250,13.4
"53023",306,13.8
"53025",12235,12.7
"53027",12295,17.3
"53029",6219,7.5
"53031",3949,12.7
"53033",202628,9.2
"53035",23613,9.1
"53037",7049,15.8
"53039",2799,12.7
"53041",9832,12.5
"53043",1330,12.5
"53045",8578,13.7
"53047",7049,17
"53049",3354,15.4
"53051",2021,15
"53053",76391,8.7
"53055",1732,10.2
"53057",12239,9.7
"53059",1390,11.7
"53061",60590,7.5
"53063",65365,13
"53065",6045,13.5
"53067",24459,8.7
"53069",475,10.9
"53071",7483,13.3
"53073",32753,14.9
"53075",11053,25.4
"53077",40961,16.5
"54001",3110,20
"54003",13275,11.5
"54005",4890,22.5
"54007",2953,21.6
"54009",2930,13.7
"54011",17242,19.3
"54013",1637,22.8
"54015",2142,25.1
"54017",1418,19
"54019",9236,22.5
"54021",1521,24.8
"54023",1703,14.9
"54025",5389,15.8
"54027",4568,20
"54029",3788,13.2
"54031",1753,12.9
"54033",11089,16.7
"54035",4732,16.7
"54037",5403,9.7
"54039",30248,17.1
"54041",2718,17.3
"54043",4756,23.3
"54045",7821,24.6
"54047",6386,35.4
"54049",9084,16.6
"54051",4200,13.9
"54053",4391,16.9
"54055",13157,22.7
"54057",3793,14.5
"54059",6386,27
"54061",18156,18.3
"54063",1960,14.9
"54065",1894,10.8
"54067",4659,19
"54069",4953,12.5
"54071",1003,14.6
"54073",919,13.6
"54075",1408,17.5
"54077",5104,16.2
"54079",5630,10
"54081",14596,20.7
"54083",5128,19.4
"54085",1644,17.2
"54087",3046,22.1
"54089",3144,26.9
"54091",2626,16.1
"54093",907,13.5
"54095",1341,15.5
"54097",4377,19
"54099",8298,20.9
"54101",1884,23
"54103",2756,18.3
"54105",1086,18.7
"54107",12449,15
"54109",4969,24.1
"55001",2924,15.3
"55003",2356,15.8
"55005",5482,12.3
"55007",2103,14.2
"55009",21944,8.6
"55011",1142,8.8
"55013",1628,10.7
"55015",2623,5.3
"55017",6925,11.3
"55019",4052,11.9
"55021",4255,7.6
"55023",2007,12.9
"55025",57062,10.8
"55027",7283,8.9
"55029",2289,8.4
"55031",4902,11.7
"55033",5213,12.5
"55035",12906,12.9
"55037",506,11.9
"55039",9513,9.5
"55041",1294,14.7
"55043",6595,14
"55045",2794,7.7
"55047",2064,11
"55049",1933,8.2
"55051",733,13.2
"55053",2289,12
"55055",6701,8.1
"55057",3388,13.4
"55059",19819,12
"55061",1472,7.3
"55063",12334,10.9
"55065",1860,11.3
"55067",2392,12.7
"55069",2862,10.6
"55071",8124,10.4
"55073",10027,7.5
"55075",4777,12
"55077",1643,10.8
"55078",1215,26.5
"55079",177263,19.1
"55081",5972,13.2
"55083",3441,9.2
"55085",3266,9.4
"55087",13196,7.2
"55089",3674,4.2
"55091",738,10.3
"55093",3363,8.5
"55095",4148,9.6
"55097",7635,11.3
"55099",1638,12.4
"55101",24084,12.6
"55103",2438,14.3
"55105",17477,10.9
"55107",2001,14.3
"55109",4179,4.7
"55111",5416,8.6
"55113",2338,14.5
"55115",3836,9.6
"55117",8432,7.5
"55119",2072,10.3
"55121",2297,8
"55123",4126,13.6
"55125",2359,10.9
"55127",10114,10.1
"55129",1954,12.5
"55131",6059,4.5
"55133",19937,5
"55135",5135,10.4
"55137",2503,10.9
"55139",16915,10.4
"55141",7313,10.1
"56001",7451,20.4
"56003",1519,13
"56005",4200,9.2
"56007",1894,13.4
"56009",1287,9.5
"56011",604,8.2
"56013",6070,15.7
"56015",1567,12.9
"56017",604,13.5
"56019",859,10.3
"56021",8839,9.1
"56023",1518,7.9
"56025",7677,9.9
"56027",292,13.6
"56029",2921,10.2
"56031",899,10.6
"56033",2551,8.7
"56035",658,6.8
"56037",3540,8.4
"56039",1443,6.3
"56041",2010,10
"56043",918,11.9
"56045",777,11.8
